<Page pagePattern="MasterDetailSectionPage" navigation="Off" masterSectionFlex="40" detailSectionFlex="60">
	<PageHeader>
		<Bindings>
			<Resource target="title" type="Label" id="${#id#}Id" defaultLabel="${#defaultLabel#}" bindingMode="ONE_TIME" />
		</Bindings>
	</PageHeader>
	<Section sectionName="masterSection" sectionPattern="SingleAreaSection">
		<Area areaName="mainArea" areaPattern="SingleElementArea">
			<GroupedList name="MasterList" searchable="${#searchable#}" groupBy="${#groupBy#}" sortBy="${#sortBy#}" master="true" dataSource="${#dataSource#}" direction="${#direction#}" indexBar="${#indexBar#}" swipe="${#swipe#}" hasBorder="${#hasBorder#}" onItemDisclosure="${#onItemDisclosure#}">
				<Items name="Items" itemPattern="${#itemPattern#}">
					<!-- 
						ItemListLayout Node is required. 
						<ItemListLayout></ItemListLayout>
					-->
					<Bindings>
						<Binding target="${#target#}" type="Text" binding="${#binding#}" bindingMode="ONE_WAY" />
					</Bindings>
				</Items>
				<Events>
					<ItemSelectedEvent event="itemSelected" resetMultiAreas="true">
						<Params>
							<Param name="${#name#}" value="${#value#}" />
						</Params>
					</ItemSelectedEvent>
				</Events>
			</GroupedList>
		</Area>
	</Section>
	<Section sectionName="detailSection" sectionPattern="SingleAreaSection">
		<Area areaName="detailArea" areaPattern="SingleElementArea">
			<GroupedList name="${#name1#}" searchable="${#searchable1#}" groupBy="${#groupBy1#}" sortBy="${#sortBy1#}" dataSource="${#dataSource1#}" direction="${#direction1#}" indexBar="${#indexBar1#}" swipe="${#swipe1#}" hasBorder="${#hasBorder1#}" onItemDisclosure="${#onItemDisclosure1#}" >
				<Items name="Items">
					<!-- 
						ItemListLayout Node is required. 
						<ItemListLayout></ItemListLayout>
					-->
					<Bindings>
						<Binding target="${#target1#}" type="Text" binding="${#binding1#}" bindingMode="ONE_WAY" />
					</Bindings>
				</Items>
			</GroupedList>
		</Area>
	</Section>
</Page>