<Page pagePattern="MasterDetailSectionPage" navigation="Off" masterSectionFlex="40" detailSectionFlex="60">
	<PageHeader>
		<Bindings>
			<Resource target="title" type="Label" id="${#id#}Id" defaultLabel="${#defaultLabel#}" bindingMode="ONE_TIME" />
		</Bindings>
	</PageHeader>
	<Section sectionName="masterSection" sectionPattern="FilteredViewAreaSection">
		<Area areaName="viewArea" areaPattern="SingleElementArea">
			<GroupedList name="MasterList" searchable="${#searchable#}" groupBy="${#groupBy#}" sortBy="${#sortBy#}" master="true" dataSource="${#dataSource#}" direction="${#direction#}" indexBar="${#indexBar#}" swipe="${#swipe#}" hasBorder="${#hasBorder#}" onItemDisclosure="${#onItemDisclosure#}">
				<Items name="Items" itemPattern="${#itemPattern#}">
					<!-- 
						ItemListLayout Node is required. 
						<ItemListLayout></ItemListLayout>
					-->
					<Bindings>
						<Binding target="${#target#}" type="Text" binding="${#binding#}" bindingMode="ONE_WAY" />
					</Bindings>
				</Items>
				<Events>
					<ItemSelectedEvent event="itemSelected" resetMultiAreas="true">
						<Params>
							<Param name="${#name#}" value="${#value#}" />
						</Params>
					</ItemSelectedEvent>
				</Events>
			</GroupedList>
		</Area>
	</Section>
	<Section sectionName="detailSection" sectionPattern="SingleAreaSection">
		<Area areaName="mainArea" areaPattern="GroupedElementsArea">
			<GroupElement name="${#name1#}">
				<Bindings>
					<Resource target="Title" type="Label" id="${#id2#}Id" defaultLabel="${#defaultLabel1#}" />
				</Bindings>
				<CheckBox name="${#name2#}" disabled="false">
					<Bindings>
						<Resource target="Label" type="Label" id="${#id1#}Id" defaultLabel="${#defaultLabel2#}" />
						<Binding target="checkedValue" binding="${#binding1#}" bindingMode="ONE_WAY" />
					</Bindings>
				</CheckBox>
			</GroupElement>
		</Area>
	</Section>
</Page>