<DataSource name="Ds${NAME}" backendSystem="sf" businessObjectClass="${REFERENCE_OBJECT}" external="false" editableEntity="" schemaVersion="2.0">
  <!-- For more information about the supported properties and nodes see corresponding DataSource.md file under ~Workspace/contractSnippets/YourModuel Section/DS/DS_DataSource -->
  <Attributes>
    <Attribute name="" table="" column="" />
  </Attributes>
  <Entities>
    <Entity name="" alias="" idAttribute="" />
  </Entities>
  <QueryCondition />
  <OrderCriteria />
  <Parameters />
</DataSource>