<ImageSelector name="${#name#}" type="FilterElement" dataSource="${#dataSource#}">
	<Items>
			<Bindings>
					<Binding target="Image" type="Image" binding="${#binding1#}" bindingMode="ONE_WAY" />
					<Binding target="Text" type="Text" binding="${#binding2#}" bindingMode="ONE_WAY" />
					<Binding target="Info" type="Text" binding="${#binding3#}" bindingMode="ONE_WAY" />
			</Bindings>
	</Items>
	<Events>
			<ItemSelectedEvent event="filterSelected">
					<Params>
							<Param name="filterCode" value="${#value#}" />
					</Params>
			</ItemSelectedEvent>
	</Events>
</ImageSelector>