<BusinessObject name="Bo${NAME}" schemaVersion="1.1">
  <DataSource name="${DATASOURCE_REFERENCE}" />
  <SimpleProperties></SimpleProperties>
  <NestedObjects></NestedObjects>
  <ObjectLookups></ObjectLookups>
  <ListObjects></ListObjects>
  <Methods>
    <Method name="beforeSaveAsync" />
    <Method name="afterSaveAsync" />
    <Method name="beforeLoadAsync" />
    <Method name="afterLoadAsync" />
    <Method name="beforeInitialize" />
    <Method name="afterInitialize" />
    <Method name="beforeDoValidateAsync" />
    <Method name="afterDoValidateAsync" />
    <Method name="beforeCreateAsync" />
    <Method name="afterCreateAsync" />
    <Method name="loadAsync" />
    <Method name="saveAsync" />
    <Method name="createAsync" />
  </Methods>
</BusinessObject>