<Page pagePattern="SingleSectionPage" masterSectionFlex="4.6" detailSectionFlex="3.7" cachable="false">
	<PageHeader>
		<Bindings>
			<Resource target="title" type="Label" id="${#id#}Id" defaultLabel="${#defaultLabel#}" bindingMode="ONE_TIME" />
		</Bindings>
		<MenuItems>
			<MenuItem directlyVisible="true" itemId="${#itemId#}">
				<Bindings>
					<Resource target="Text" type="Label" id="${#id1#}Id" defaultLabel="${#defaultLabel1#}" />
					<Resource target="Icon" type="Image" id="${#id2#}" />
				</Bindings>
				<Events>
					<ButtonPressedEvent event="${#event#}Pressed">
						<Params>
							<Param name="buttonPressed" value="${#value#}" />
						</Params>
					</ButtonPressedEvent>
				</Events>
			</MenuItem>
		</MenuItems>
	</PageHeader>
	<Section sectionName="masterSection" sectionPattern="SingleAreaSection">
		<Area areaName="mainArea" areaPattern="SingleElementArea">
			<GroupedList name="MasterList" searchable="${#searchable#}" groupBy="${#groupBy#}" sortBy="${#sortBy#}" master="true" dataSource="${#dataSource#}" direction="${#direction#}" indexBar="${#indexBar#}" swipe="${#swipe#}" hasBorder="${#hasBorder#}" onItemDisclosure="${#onItemDisclosure#}">
				<Items name="Items" itemPattern="${#itemPattern#}">
					<!-- ItemListLayout Node is required.
						<ItemListLayout></ItemListLayout>
					-->
					<Bindings>
						<Binding target="${#target#}" type="Text" binding="${#binding#}" bindingMode="ONE_WAY" />
					</Bindings>
				</Items>
				<Events>
					<ItemSelectedEvent event="itemSelected" resetMultiAreas="true">
						<Params>
							<Param name="${#name#}" value="${#value1#}" />
						</Params>
					</ItemSelectedEvent>
				</Events>
			</GroupedList>
		</Area>
	</Section>
</Page>